{
  "status": "CONFIRMED",
  "features": {
    "length": {
      "amie_control": {
        "feature": "length",
        "group": "control",
        "q1": 2.0,
        "q3": 6.0,
        "ert_q1": 129.20945128789887,
        "ert_q3": 227.1522956850441,
        "amie_ms": 97.94284439714522,
        "method": "standard",
        "p_value": 0.0,
        "ci_low": 97.91606712785226,
        "ci_high": 97.97169077781972
      },
      "amie_dyslexic": {
        "feature": "length",
        "group": "dyslexic",
        "q1": 2.0,
        "q3": 6.0,
        "ert_q1": 227.30977951547825,
        "ert_q3": 333.35041097422135,
        "amie_ms": 106.04063145874309,
        "method": "standard",
        "p_value": 0.0,
        "ci_low": 105.99415330573704,
        "ci_high": 106.08886758759782
      },
      "pathway_control": {
        "feature": "length",
        "group": "control",
        "p_skip_q1_grid": 0.5324691771767633,
        "p_skip_q3_grid": 0.27229318568867067,
        "delta_p_skip_grid": -0.2601759914880927,
        "cohens_h": 0.5378208459691975,
        "trt_q1_grid": 276.365631912038,
        "trt_q3_grid": 312.1480948340594,
        "delta_trt_ms_grid": 35.78246292202141,
        "ert_q1_grid": 129.20945128789887,
        "ert_q3_grid": 227.1522956850441,
        "delta_ert_ms_grid": 97.94284439714522,
        "cohens_d_trt": 239.345011315555,
        "cohens_d_ert": 270.0050636265443,
        "skip_mean": -0.26174739220098386,
        "skip_p_value": 0.0,
        "skip_ci_low": -0.26183570289166475,
        "skip_ci_high": -0.26166866908060415,
        "skip_cohens_d": -749.4047843061799,
        "skip_cohens_d_ci_low": -891.401201576842,
        "skip_cohens_d_ci_high": -660.129587375172,
        "duration_mean": 36.240896236023815,
        "duration_p_value": 0.0,
        "duration_ci_low": 36.20420255780279,
        "duration_ci_high": 36.27440858306791,
        "duration_cohens_d": 239.345011315555,
        "duration_cohens_d_ci_low": 210.3060068677712,
        "duration_cohens_d_ci_high": 286.7434242009102,
        "ert_mean": 98.9941121352315,
        "ert_p_value": 0.0,
        "ert_ci_low": 98.90495145863832,
        "ert_ci_high": 99.07637588554319,
        "ert_cohens_d": 270.0050636265443,
        "ert_cohens_d_ci_low": 237.20411266726728,
        "ert_cohens_d_ci_high": 326.1846672450938
      },
      "pathway_dyslexic": {
        "feature": "length",
        "group": "dyslexic",
        "p_skip_q1_grid": 0.3839123307681569,
        "p_skip_q3_grid": 0.1875589743909736,
        "delta_p_skip_grid": -0.1963533563771833,
        "cohens_h": 0.44066690675571496,
        "trt_q1_grid": 368.956872321264,
        "trt_q3_grid": 410.3072105748641,
        "delta_trt_ms_grid": 41.350338253600114,
        "ert_q1_grid": 227.30977951547825,
        "ert_q3_grid": 333.35041097422135,
        "delta_ert_ms_grid": 106.04063145874309,
        "cohens_d_trt": 151.54922629255336,
        "cohens_d_ert": 215.99963642720076,
        "skip_mean": -0.20549162602935234,
        "skip_p_value": 0.0,
        "skip_ci_low": -0.2057871133290977,
        "skip_ci_high": -0.20519027233989476,
        "skip_cohens_d": -254.11284170886265,
        "skip_cohens_d_ci_low": -362.690696710958,
        "skip_cohens_d_ci_high": -196.56554355848846,
        "duration_mean": 41.58025160944279,
        "duration_p_value": 0.0,
        "duration_ci_low": 41.48018258084767,
        "duration_ci_high": 41.67477271215733,
        "duration_cohens_d": 151.54922629255336,
        "duration_cohens_d_ci_low": 115.94637476233733,
        "duration_cohens_d_ci_high": 202.23166625285756,
        "ert_mean": 108.87313995196368,
        "ert_p_value": 0.0,
        "ert_ci_low": 108.69486938899468,
        "ert_ci_high": 109.05437828584161,
        "ert_cohens_d": 215.99963642720076,
        "ert_cohens_d_ci_low": 164.42323517961378,
        "ert_cohens_d_ci_high": 307.3296665203873
      },
      "expected_direction": "+",
      "correct_direction": true,
      "status": "CONFIRMED",
      "note": ""
    },
    "zipf": {
      "amie_control": {
        "feature": "zipf",
        "group": "control",
        "amie_ms": -17.22697402483508,
        "method": "conditional_within_length_bins",
        "n_bins_used": 6,
        "bin_effects": [
          -19.2950858810144,
          -10.915396421377494,
          -5.617924435899681,
          -8.324270623649994,
          -18.752929620541096,
          -44.88782490693984
        ],
        "p_value": 0.0,
        "ci_low": -17.524269092970506,
        "ci_high": -16.940234229698348
      },
      "amie_dyslexic": {
        "feature": "zipf",
        "group": "dyslexic",
        "amie_ms": -25.6937408498579,
        "method": "conditional_within_length_bins",
        "n_bins_used": 6,
        "bin_effects": [
          -40.21336499684847,
          -16.512157510172017,
          -2.1142024006468887,
          -4.693907974798549,
          -19.81113172947073,
          -67.15723145825501
        ],
        "p_value": 0.0,
        "ci_low": -26.801687231850565,
        "ci_high": -24.601908390486262
      },
      "pathway_control": {
        "feature": "zipf",
        "group": "control",
        "p_skip_q1_grid": 0.31789840586036133,
        "p_skip_q3_grid": 0.3681733145995421,
        "delta_p_skip_grid": 0.05027490873918078,
        "cohens_h": -0.10596945552074288,
        "trt_q1_grid": 304.0748518294843,
        "trt_q3_grid": 296.8199696238706,
        "delta_trt_ms_grid": -7.25488220561374,
        "ert_q1_grid": 207.4099411706657,
        "ert_q3_grid": 187.53877756811477,
        "delta_ert_ms_grid": -19.871163602550922,
        "cohens_d_trt": -226.56398897181373,
        "cohens_d_ert": -282.5171338997969,
        "skip_mean": 0.031899809031841586,
        "skip_p_value": 0.0,
        "skip_ci_low": 0.03144404777941902,
        "skip_ci_high": 0.0320926959121492,
        "skip_cohens_d": 524.5548473698707,
        "skip_cohens_d_ci_low": 429.69500426592975,
        "skip_cohens_d_ci_high": 686.7392860929386,
        "duration_mean": -11.074886469263225,
        "duration_p_value": 0.0,
        "duration_ci_low": -11.328788930033568,
        "duration_ci_high": -10.83698662111344,
        "duration_cohens_d": -226.56398897181373,
        "duration_cohens_d_ci_low": -299.49416678072697,
        "duration_cohens_d_ci_high": -192.0205258646764,
        "ert_mean": -17.14170092841529,
        "ert_p_value": 0.0,
        "ert_ci_low": -17.402528241065355,
        "ert_ci_high": -16.895861817570236,
        "ert_cohens_d": -282.5171338997969,
        "ert_cohens_d_ci_low": -362.08594861372717,
        "ert_cohens_d_ci_high": -244.27372476985317
      },
      "pathway_dyslexic": {
        "feature": "zipf",
        "group": "dyslexic",
        "p_skip_q1_grid": 0.23109168592905358,
        "p_skip_q3_grid": 0.26382029325844314,
        "delta_p_skip_grid": 0.032728607329389564,
        "cohens_h": -0.07587941285385202,
        "trt_q1_grid": 408.979536562682,
        "trt_q3_grid": 401.3549265548054,
        "delta_trt_ms_grid": -7.6246100078765835,
        "ert_q1_grid": 314.4677659479288,
        "ert_q3_grid": 295.46935213039575,
        "delta_ert_ms_grid": -18.99841381753305,
        "cohens_d_trt": -173.86371852023512,
        "cohens_d_ert": -212.0875032523284,
        "skip_mean": 0.03752955683906043,
        "skip_p_value": 0.0,
        "skip_ci_low": 0.037207142470824864,
        "skip_ci_high": 0.039505330166008254,
        "skip_cohens_d": 1974.7381711926084,
        "skip_cohens_d_ci_low": 1598.6199493200113,
        "skip_cohens_d_ci_high": 2266.9137912206297,
        "duration_mean": -14.197419303000691,
        "duration_p_value": 0.0,
        "duration_ci_low": -14.993841447115285,
        "duration_ci_high": -13.008888767470777,
        "duration_cohens_d": -173.86371852023512,
        "duration_cohens_d_ci_low": -256.5947640679448,
        "duration_cohens_d_ci_high": -134.47865165283991,