{
  "status": "CONFIRMED",
  "canonical_gap_G0": 97.27984892585587,
  "canonical_gap_stats": {
    "mean": 97.27984892585587,
    "ci_low": 94.24935499028261,
    "ci_high": 100.4930017978544,
    "p_value": 0.0,
    "n_bootstrap": 1000
  },
  "sample_size": 322776,
  "random_seed": 42,
  "shapley_decomposition": {
    "skip_contribution": 33.91850378570579,
    "skip_contribution_stats": {
      "mean": 33.91850378570579,
      "ci_low": 33.74774162801094,
      "ci_high": 34.083933229813304,
      "p_value": 0.0,
      "n_bootstrap": 1000
    },
    "duration_contribution": 63.36134514015009,
    "duration_contribution_stats": {
      "mean": 63.36134514015009,
      "ci_low": 62.79336573190994,
      "ci_high": 63.90842859649779,
      "p_value": 0.0,
      "n_bootstrap": 1000
    },
    "skip_pct": 34.86693715114379,
    "duration_pct": 65.13306284885623
  },
  "equal_ease_counterfactual": {
    "baseline_gap": 97.27984892585587,
    "counterfactual_gap": 66.61488713992561,
    "counterfactual_gap_stats": {
      "mean": 66.61488713992561,
      "ci_low": 63.525246764084116,
      "ci_high": 69.5471707183235,
      "p_value": 0.0
    },
    "gap_shrink_ms": 30.66496178593026,
    "gap_shrink_stats": {
      "mean": 30.66496178593026,
      "ci_low": 27.732678207532373,
      "ci_high": 33.75460216177176,
      "p_value": 0.0,
      "n_bootstrap": 1000
    },
    "gap_shrink_pct": 31.522419210685946
  },
  "equal_ease_feature_contributions": {
    "feature_contributions_ms": {
      "length": 12.643478592117448,
      "zipf": 10.355028314330902,
      "surprisal": 7.666454879481907
    },
    "feature_contributions_stats": {
      "length": {
        "mean": 12.643478592117448,
        "ci_low": 5.326270819109183,
        "ci_high": 19.82538391995834,
        "p_value": 0.0,
        "n_samples": 200
      },
      "zipf": {
        "mean": 10.355028314330902,
        "ci_low": 3.944561667642688,
        "ci_high": 17.789411120220606,
        "p_value": 0.0,
        "n_samples": 200
      },
      "surprisal": {
        "mean": 7.666454879481907,
        "ci_low": 6.448195312030961,
        "ci_high": 8.62501817105749,
        "p_value": 0.0,
        "n_samples": 200
      }
    },
    "total_ms": 30.664961785930256,
    "n_permutations": 200
  },
  "per_feature_equalization": {
    "length": {
      "feature": "length",
      "baseline_gap": 97.27984892585587,
      "counterfactual_gap": 90.85249357217718,
      "gap_explained_ms": 6.427355353678692,
      "gap_explained_stats": {
        "mean": 6.427355353678692,
        "ci_low": 4.278049375992342,
        "ci_high": 8.63593435285723,
        "p_value": 0.0,
        "n_bootstrap": 1000
      },
      "pct_of_G0": 6.60707785286288,
      "method": "clamp_both_groups"
    },
    "zipf": {
      "feature": "zipf",
      "baseline_gap": 97.27984892585587,
      "counterfactual_gap": 92.88846637191492,
      "gap_explained_ms": 4.391382553940957,
      "gap_explained_stats": {
        "mean": 4.391382553940957,
        "ci_low": 3.776195153929616,
        "ci_high": 4.997953959080677,
        "p_value": 0.0,
        "n_bootstrap": 1000
      },
      "pct_of_G0": 4.514174931838096,
      "method": "clamp_both_groups"
    },
    "surprisal": {
      "feature": "surprisal",
      "baseline_gap": 97.27984892585587,
      "counterfactual_gap": 88.65483075479838,
      "gap_explained_ms": 8.62501817105749,
      "gap_explained_stats": {
        "mean": 8.62501817105749,
        "ci_low": 8.104186472249864,
        "ci_high": 9.203796859204665,
        "p_value": 0.0,
        "n_bootstrap": 1000
      },
      "pct_of_G0": 8.866191987645099,
      "method": "clamp_both_groups"
    }
  },
  "summary": "text difficulty (simplification reduces gap)"
}