{
  "quartiles": {
    "length": {
      "q1": 2.0,
      "q3": 6.0,
      "iqr": 4.0
    },
    "zipf": {
      "q1": -0.4520851262468346,
      "q3": 0.562301540555457,
      "iqr": 1.0143866668022916
    },
    "surprisal": {
      "q1": 2.7454854629713985,
      "q3": 9.893726444065395,
      "iqr": 7.148240981093997
    }
  },
  "balance_stats": {
    "group_balance": {
      "control": 245104,
      "dyslexic": 77672,
      "ratio": 0.3168940531366277
    },
    "skip_rates": {
      "control": 0.40300851883282196,
      "dyslexic": 0.3024642084663714
    },
    "mean_trt": {
      "control": 319.727203143687,
      "dyslexic": 414.1698813193304
    },
    "feature_means": {
      "length": {
        "control": 4.609916606828122,
        "dyslexic": 4.552309712637759
      },
      "zipf": {
        "control": -0.0013303524800837108,
        "dyslexic": 0.009156738823416647
      },
      "surprisal": {
        "control": 6.882022346628733,
        "dyslexic": 6.838537700850083
      }
    }
  },
  "n_total": 322776,
  "n_train": 258632,
  "n_test": 64144,
  "note": "zipf values are RESIDUALIZED (orthogonal to length)"
}