{
  "h1_feature_effects": {
    "status": "CONFIRMED",
    "features": {
      "length": {
        "amie_control": {
          "feature": "length",
          "group": "control",
          "q1": 2.0,
          "q3": 6.0,
          "ert_q1": 116.99025851834612,
          "ert_q3": 238.39135103896598,
          "amie_ms": 121.40109252061986
        },
        "amie_dyslexic": {
          "feature": "length",
          "group": "dyslexic",
          "q1": 2.0,
          "q3": 6.0,
          "ert_q1": 204.84153121819756,
          "ert_q3": 342.409809518121,
          "amie_ms": 137.56827829992343
        },
        "quartile_contrasts": {
          "feature": "length",
          "control": {
            "ert_q1": 116.99025851834612,
            "ert_q3": 238.39135103896598,
            "delta_ert": 121.40109252061986
          },
          "dyslexic": {
            "ert_q1": 204.84153121819756,
            "ert_q3": 342.409809518121,
            "delta_ert": 137.56827829992343
          },
          "difference_in_differences": 16.16718577930358
        },
        "permutation_importance": {
          "feature": "length",
          "baseline_q2": 0.15036571812960997,
          "mean_q2_permuted": -0.052146657989870934,
          "delta_q2": 0.20251237611948092,
          "importance_pct": 134.67988490895402
        },
        "expected_direction": "positive",
        "correct_direction": true,
        "status": "CONFIRMED"
      },
      "zipf": {
        "amie_control": {
          "feature": "zipf",
          "group": "control",
          "q1": -0.4520851262468346,
          "q3": 0.562301540555457,
          "ert_q1": 208.2959203660678,
          "ert_q3": 192.35528995183913,
          "amie_ms": -15.940630414228679
        },
        "amie_dyslexic": {
          "feature": "zipf",
          "group": "dyslexic",
          "q1": -0.4520851262468346,
          "q3": 0.562301540555457,
          "ert_q1": 307.57059363070914,
          "ert_q3": 296.8015871505514,
          "amie_ms": -10.769006480157714
        },
        "quartile_contrasts": {
          "feature": "zipf",
          "control": {
            "ert_q1": 208.2959203660678,
            "ert_q3": 192.35528995183913,
            "delta_ert": -15.940630414228679
          },
          "dyslexic": {
            "ert_q1": 307.57059363070914,
            "ert_q3": 296.8015871505514,
            "delta_ert": -10.769006480157714
          },
          "difference_in_differences": 5.171623934070965
        },
        "permutation_importance": {
          "feature": "zipf",
          "baseline_q2": 0.15036571812960997,
          "mean_q2_permuted": 0.14609716705299525,
          "delta_q2": 0.004268551076614724,
          "importance_pct": 2.838779430385444
        },
        "expected_direction": "negative",
        "correct_direction": true,
        "status": "CONFIRMED"
      },
      "surprisal": {
        "amie_control": {
          "feature": "surprisal",
          "group": "control",
          "q1": 2.7454854629713985,
          "q3": 9.893726444065395,
          "ert_q1": 192.27875858611483,
          "ert_q3": 207.5112043720111,
          "amie_ms": 15.23244578589626
        },
        "amie_dyslexic": {
          "feature": "surprisal",
          "group": "dyslexic",
          "q1": 2.7454854629713985,
          "q3": 9.893726444065395,
          "ert_q1": 281.7374130502266,
          "ert_q3": 315.60429185514283,
          "amie_ms": 33.86687880491621
        },
        "quartile_contrasts": {
          "feature": "surprisal",
          "control": {
            "ert_q1": 192.27875858611483,
            "ert_q3": 207.5112043720111,
            "delta_ert": 15.23244578589626
          },
          "dyslexic": {
            "ert_q1": 281.7374130502266,
            "ert_q3": 315.60429185514283,
            "delta_ert": 33.86687880491621
          },
          "difference_in_differences": 18.63443301901995
        },
        "permutation_importance": {
          "feature": "surprisal",
          "baseline_q2": 0.15036571812960997,
          "mean_q2_permuted": 0.14725941027318104,
          "delta_q2": 0.0031063078564289304,
          "importance_pct": 2.065835148508653
        },
        "expected_direction": "positive",
        "correct_direction": true,
        "status": "CONFIRMED"
      }
    },
    "summary": "All features show expected effects on reading time"
  },
  "h2_amplification": {
    "status": "PARTIALLY CONFIRMED",
    "slope_ratios": {
      "length": {
        "slope_ratio": 1.13317166628099,
        "bootstrap_mean_sr": 1.1331714948923581,
        "ci_low": 1.1330616299290608,
        "ci_high": 1.1332816901315454,
        "p_value": 0.0,
        "amplified": true,
        "ci_excludes_1": true,
        "significant": true,
        "status": "CONFIRMED"
      },
      "zipf": {
        "slope_ratio": 0.6755696732385973,
        "bootstrap_mean_sr": 0.6758981707456776,
        "ci_low": 0.6748290058646523,
        "ci_high": 0.677439316738605,
        "p_value": 1.0,
        "amplified": false,
        "ci_excludes_1": true,
        "significant": false,
        "status": "NOT CONFIRMED"
      },
      "surprisal": {
        "slope_ratio": 2.2233382137669313,
        "bootstrap_mean_sr": 2.2237946591639193,
        "ci_low": 2.2221987842936923,
        "ci_high": 2.225591942586511,
        "p_value": 0.0,
        "amplified": true,
        "ci_excludes_1": true,
        "significant": true,
        "status": "CONFIRMED"
      }
    },
    "n_amplified": 2,
    "summary": "2/3 features show significant dyslexic amplification (SR > 1.0 with p < 0.05)"
  },
  "h3_gap_decomposition": {
    "status": "CONFIRMED",
    "total_gap": 91.36005572574155,
    "sample_size": 5000,
    "shapley_decomposition": {
      "total_gap": 94.03731644440592,
      "skip_contribution": 28.829194017587426,
      "duration_contribution": 65.20812242681849,
      "skip_pct": 30.65718494277855,
      "duration_pct": 69.34281505722146
    },
    "equal_ease_counterfactual": {
      "baseline_gap": 90.2414626224076,
      "counterfactual_gap": 64.14050175600848,
      "dyslexic_saved": 129.70901587880073,
      "control_saved": 103.6080550124016,
      "gap_shrink_ms": 26.10096086639912,
      "gap_shrink_pct": 28.923468334740914
    },
    "per_feature_equalization": {
      "length": {
        "feature": "length",
        "baseline_gap": 90.24146262240751,
        "counterfactual_gap": 105.98979225231048,
        "gap_explained": -15.748329629902969,
        "pct_explained": -17.45132356264864,
        "control_mean": 4.617740232312566
      },
      "zipf": {
        "feature": "zipf",
        "baseline_gap": 90.24146262240751,
        "counterfactual_gap": 91.98486767453349,
        "gap_explained": -1.7434050521259792,
        "pct_explained": -1.9319335053564182,
        "control_mean": 0.011088141939089467
      },
      "surprisal": {
        "feature": "surprisal",
        "baseline_gap": 90.24146262240751,
        "counterfactual_gap": 93.83479562403048,
        "gap_explained": -3.593333001622966,
        "pct_explained": -3.9819090883514994,
        "control_mean": 6.895591378713709
      }
    },
    "summary": "Features explain gap through text difficulty",
    "gap_consistency_check": {
      "total_gap": 91.36005572574155,
      "shapley_gap": 94.03731644440592,
      "equal_ease_baseline": 90.2414626224076,
      "max_difference": 2.677260718664371
    }
  },
  "overall_conclusions": {
    "all_hypotheses_supported": true,
    "h1_status": "CONFIRMED",
    "h2_status": "PARTIALLY CONFIRMED",
    "h3_status": "CONFIRMED",
    "key_findings": [
      "All features show expected effects on reading time",
      "2/3 features show significant dyslexic amplification (SR > 1.0 with p < 0.05)",
      "Features explain gap through text difficulty"
    ],