{
  "skip_model": {
    "family": "binomial",
    "n_obs_control": 198748,
    "n_obs_dyslexic": 59884,
    "skip_rate_control": 0.3923511179986717,
    "skip_rate_dyslexic": 0.30685992919644645,
    "auc_control": 0.7019381415713755,
    "auc_dyslexic": 0.6706217935276724,
    "n_splines": 5
  },
  "duration_model": {
    "family": "Gamma",
    "n_obs_control": 120769,
    "n_obs_dyslexic": 41508,
    "mean_trt_control": 314.69383699459297,
    "mean_trt_dyslexic": 409.46133275513154,
    "r2_control": 0.10041503430857734,
    "r2_dyslexic": 0.07502418933022714,
    "n_splines": 5
  }
}