{
  "quartiles": {
    "length": {
      "q1": 2.0,
      "q3": 6.0,
      "iqr": 4.0
    },
    "zipf": {
      "q1": 4.9552610562020005,
      "q3": 7.101769569208432,
      "iqr": 2.146508513006432
    },
    "surprisal": {
      "q1": 2.7454854629713985,
      "q3": 9.893726444065395,
      "iqr": 7.148240981093997
    }
  },
  "pooled_bin_edges": [
    1.0,
    2.0,
    3.0,
    4.0,
    5.0,
    8.0,
    29.0
  ],
  "pooled_bin_weights": {
    "0": 0.255139787344784,
    "1": 0.23197511586982922,
    "2": 0.12153010137060996,
    "3": 0.11194450640691997,
    "4": 0.167775794978561,
    "5": 0.11163469402929586
  },
  "orientation_checks": {
    "length": {
      "q1": 2.0,
      "q3": 6.0,
      "correct_direction": true,
      "semantic": "Q1=2.0 (shorter) \u2192 Q3=6.0 (longer)"
    },
    "zipf": {
      "q1": 4.9552610562020005,
      "q3": 7.101769569208432,
      "correct_direction": true,
      "semantic": "Q1=5.0 (rarer) \u2192 Q3=7.1 (more frequent)"
    },
    "surprisal": {
      "q1": 2.7454854629713985,
      "q3": 9.893726444065395,
      "correct_direction": true,
      "semantic": "Q1=2.7 (predictable) \u2192 Q3=9.9 (surprising)"
    }
  },
  "n_total": 322776,
  "note": "Using RAW zipf with conditional evaluation within length bins"
}