{
  "status": "CONFIRMED",
  "features": {
    "length": {
      "amie_control": {
        "feature": "length",
        "group": "control",
        "q1": 2.0,
        "q3": 6.0,
        "ert_q1": 129.2545674748763,
        "ert_q3": 227.19986525921948,
        "amie_ms": 98.9941121352315,
        "method": "standard",
        "p_value": 0.0006664445184938354,
        "ci_low": 98.8843375496117,
        "ci_high": 99.110239304726
      },
      "amie_dyslexic": {
        "feature": "length",
        "group": "dyslexic",
        "q1": 2.0,
        "q3": 6.0,
        "ert_q1": 227.2227837065815,
        "ert_q3": 333.2384851898237,
        "amie_ms": 108.87313995196368,
        "method": "standard",
        "p_value": 0.0006664445184938354,
        "ci_low": 108.6677448837062,
        "ci_high": 109.08910168831598
      },
      "pathway_control": {
        "feature": "length",
        "group": "control",
        "p_skip_q1_grid": 0.5323354836565082,
        "p_skip_q3_grid": 0.27218678653456607,
        "delta_p_skip_grid": -0.2601486971219421,
        "trt_q1_grid": 276.38309719427366,
        "trt_q3_grid": 312.1678214351489,
        "delta_trt_ms_grid": 35.78472424087522,
        "ert_q1_grid": 129.2545674748763,
        "ert_q3_grid": 227.19986525921948,
        "delta_ert_ms_grid": 97.94529778434318,
        "skip_mean": -0.2617473922009839,
        "skip_p_value": 0.0006664445184938354,
        "skip_ci_low": -0.2618518540808157,
        "skip_ci_high": -0.26163837409554486,
        "skip_cohens_d": NaN,
        "skip_cohens_d_ci_low": NaN,
        "skip_cohens_d_ci_high": NaN,
        "skip_cohens_h": 0.5374097145960044,
        "duration_mean": 36.24089623602381,
        "duration_p_value": 0.0006664445184938354,
        "duration_ci_low": 36.196086782248145,
        "duration_ci_high": 36.28851683397172,
        "duration_cohens_d": 1.7490623291254388,
        "duration_cohens_d_ci_low": 1.72010410545938,
        "duration_cohens_d_ci_high": 1.7796605024855088,
        "duration_cohens_h": NaN,
        "ert_mean": 98.9941121352315,
        "ert_p_value": 0.0006664445184938354,
        "ert_ci_low": 98.8843375496117,
        "ert_ci_high": 99.110239304726,
        "ert_cohens_d": 4.170622330643154,
        "ert_cohens_d_ci_low": 4.125259969851207,
        "ert_cohens_d_ci_high": 4.21772728361727,
        "ert_cohens_h": NaN
      },
      "pathway_dyslexic": {
        "feature": "length",
        "group": "dyslexic",
        "p_skip_q1_grid": 0.3839689157335498,
        "p_skip_q3_grid": 0.18759543102537463,
        "delta_p_skip_grid": -0.19637348470817517,
        "trt_q1_grid": 368.8495426771378,
        "trt_q3_grid": 410.18785210725724,
        "delta_trt_ms_grid": 41.338309430119466,
        "ert_q1_grid": 227.2227837065815,
        "ert_q3_grid": 333.2384851898237,
        "delta_ert_ms_grid": 106.01570148324217,
        "skip_mean": -0.2054916260293523,
        "skip_p_value": 0.0006664445184938354,
        "skip_ci_low": -0.2058448258746871,
        "skip_ci_high": -0.20517289494291877,
        "skip_cohens_d": NaN,
        "skip_cohens_d_ci_low": NaN,
        "skip_cohens_d_ci_high": NaN,
        "skip_cohens_h": 0.44887230452695837,
        "duration_mean": 41.58025160944279,
        "duration_p_value": 0.0006664445184938354,
        "duration_ci_low": 41.46509839721195,
        "duration_ci_high": 41.698306467524134,
        "duration_cohens_d": 1.2040101713036742,
        "duration_cohens_d_ci_low": 1.1724897703241104,
        "duration_cohens_d_ci_high": 1.239673455515741,
        "duration_cohens_h": NaN,
        "ert_mean": 108.87313995196368,
        "ert_p_value": 0.0006664445184938354,
        "ert_ci_low": 108.6677448837062,
        "ert_ci_high": 109.08910168831598,
        "ert_cohens_d": 2.9581805921161637,
        "ert_cohens_d_ci_low": 2.9040291759160395,
        "ert_cohens_d_ci_high": 3.0177396126496276,
        "ert_cohens_h": NaN
      },
      "expected_direction": "+",
      "correct_direction": true,
      "status": "CONFIRMED",
      "note": ""
    },
    "zipf": {
      "amie_control": {
        "feature": "zipf",
        "group": "control",
        "amie_ms": -17.14170092841529,
        "method": "conditional_within_length_bins",
        "n_bins_used": 6,
        "bin_effects": [
          -19.2950858810144,
          -10.915396421377494,
          -5.617924435899681,
          -8.324270623649994,
          -18.752929620541096,
          -44.88782490693984
        ],
        "p_value": 0.0006664445184938354,
        "ci_low": -17.160156942936556,
        "ci_high": -17.122977834471932
      },
      "amie_dyslexic": {
        "feature": "zipf",
        "group": "dyslexic",
        "amie_ms": -25.257838930487395,
        "method": "conditional_within_length_bins",
        "n_bins_used": 6,
        "bin_effects": [
          -40.21336499684847,
          -16.512157510172017,
          -2.1142024006468887,
          -4.693907974798549,
          -19.81113172947073,
          -67.15723145825501
        ],
        "p_value": 0.0006664445184938354,
        "ci_low": -25.30469154321196,
        "ci_high": -25.20686008144577
      },
      "pathway_control": {
        "feature": "zipf",
        "group": "control",
        "p_skip_q1_grid": 0.3171706165259237,
        "p_skip_q3_grid": 0.36739242105357833,
        "delta_p_skip_grid": 0.05022180452765462,
        "trt_q1_grid": 304.20604779134857,
        "trt_q3_grid": 296.94803539840257,
        "delta_trt_ms_grid": -7.258012392946,
        "ert_q1_grid": 207.72082806245194,
        "ert_q3_grid": 187.85157774627976,
        "delta_ert_ms_grid": -19.869250316172185,
        "skip_mean": 0.031899809031841586,
        "skip_p_value": 0.0006664445184938354,
        "skip_ci_low": 0.03188185308213798,
        "skip_ci_high": 0.03191928967955906,
        "skip_cohens_d": NaN,
        "skip_cohens_d_ci_low": NaN,
        "skip_cohens_d_ci_high": NaN,
        "skip_cohens_h": -0.06486985433763537,
        "duration_mean": -11.074886469263225,
        "duration_p_value": 0.0006664445184938354,
        "duration_ci_low": -11.08907220614934,
        "duration_ci_high": -11.05948758501656,
        "duration_cohens_d": -0.23131646294494873,
        "duration_cohens_d_ci_low": -0.2333010329687341,
        "duration_cohens_d_ci_high": -0.22946173863803618,
        "duration_cohens_h": NaN,
        "ert_mean": -17.14170092841529,
        "ert_p_value": 0.0006664445184938354,
        "ert_ci_low": -17.160156942936556,
        "ert_ci_high": -17.122977834471932,
        "ert_cohens_d": -0.2132123980391227,
        "ert_cohens_d_ci_low": -0.21419711701229321,
        "ert_cohens_d_ci_high": -0.21222920527752495,
        "ert_cohens_h": NaN
      },
      "pathway_dyslexic": {
        "feature": "zipf",
        "group": "dyslexic",
        "p_skip_q1_grid": 0.23281183267010586,
        "p_skip_q3_grid": 0.26569987441024967,
        "delta_p_skip_grid": 0.032888041740143814,
        "trt_q1_grid": 408.62881846315884,
        "trt_q3_grid": 401.0107468966773,
        "delta_trt_ms_grid": -7.618071566481547,
        "ert_q1_grid": 313.49519435493085,
        "ert_q3_grid": 294.4622418090697,
        "delta_ert_ms_grid": -19.03295254586112,
        "skip_mean": 0.03752955683906043,
        "skip_p_value": 0.0006664445184938354,
        "skip_ci_low": 0.037521349574252974,
        "skip_ci_high": 0.03753750301089756,
        "skip_cohens_d": NaN,
        "skip_cohens_d_ci_low": NaN,
        "skip_cohens_d_ci_high": NaN,
        "skip_cohens_h": -0.08296983842420702,
        "duration_mean": -14.197419303000691,
        "duration_p_value": 0.0006664445184938354,
        "duration_ci_low": -14.23084228246928,
        "duration_ci_high": -14.161914697537322,
        "duration_cohens_d": -0.2386590998536267,
        "duration_cohens_d_ci_low": -0.2414875893158049,
        "duration_cohens_d_ci_high": -0.23558397047883414,
        "duration_cohens_h": NaN,