{
  "status": "CONFIRMED",
  "feature_status": {
    "length": {
      "pathway": "ert",
      "status": "amplified"
    },
    "zipf": {
      "pathway": "ert",
      "status": "amplified"
    },
    "surprisal": {
      "pathway": "ert",
      "status": "amplified"
    }
  },
  "slope_ratios": {
    "length": {
      "sr_skip": 0.7546943715064873,
      "sr_duration": 1.1556034682048701,
      "sr_ert": 1.08267870012803,
      "cohens_d_duration_control": 0.356685332949332,
      "cohens_d_duration_dyslexic": 0.31316460421652265,
      "cohens_d_ert_control": 0.7408873138779708,
      "cohens_d_ert_dyslexic": 0.6157799852163963,
      "sr_skip_ci_low": 0.75461575230385,
      "sr_skip_ci_high": 0.7547720646099211,
      "sr_skip_mean": 0.7546940452233005,
      "sr_skip_p_value": 0.0006664445184938354,
      "sr_duration_ci_low": 1.155385709341301,
      "sr_duration_ci_high": 1.1558408743564546,
      "sr_duration_mean": 1.1556023775935347,
      "sr_duration_p_value": 0.0006664445184938354,
      "sr_ert_ci_low": 1.0825038071983353,
      "sr_ert_ci_high": 1.0828631736538326,
      "sr_ert_mean": 1.0826777183802332,
      "sr_ert_p_value": 0.0006664445184938354
    },
    "zipf": {
      "sr_skip": 0.800365087976888,
      "sr_duration": 1.0677407674061985,
      "sr_ert": 1.335781516392099,
      "cohens_d_duration_control": -0.08967250868662276,
      "cohens_d_duration_dyslexic": -0.07512561837950578,
      "cohens_d_ert_control": -0.09522483413777737,
      "cohens_d_ert_dyslexic": -0.06740116433716471,
      "amie_control_mean": -17.217500722684147,
      "amie_control_ci_low": -17.495418241823156,
      "amie_control_ci_high": -16.920534248028268,
      "amie_dyslexic_mean": -25.663280593454694,
      "amie_dyslexic_ci_low": -26.830032432641868,
      "amie_dyslexic_ci_high": -24.52855066862742,
      "sr_skip_ci_low": 0.7858990426722223,
      "sr_skip_ci_high": 0.8344767805592299,
      "sr_skip_mean": 0.8013331048239513,
      "sr_skip_p_value": 0.0006664445184938354,
      "sr_duration_ci_low": 1.0014083681067154,
      "sr_duration_ci_high": 1.1575035068547062,
      "sr_duration_mean": 1.0771308113095872,
      "sr_duration_p_value": 0.04665111629456848,
      "sr_ert_ci_low": 1.2893380895134905,
      "sr_ert_ci_high": 1.39472072601576,
      "sr_ert_mean": 1.335182671086873,
      "sr_ert_p_value": 0.0006664445184938354
    },
    "surprisal": {
      "sr_skip": 1.0434792871702674,
      "sr_duration": 2.4992892388682573,
      "sr_ert": 2.321116701056095,
      "cohens_d_duration_control": 0.17767894879433524,
      "cohens_d_duration_dyslexic": 0.20890082019025494,
      "cohens_d_ert_control": 0.2336838781905529,
      "cohens_d_ert_dyslexic": 0.23410289133654147,
      "sr_skip_ci_low": 1.0261592461863918,
      "sr_skip_ci_high": 1.0611137662384842,
      "sr_skip_mean": 1.043021909473524,
      "sr_skip_p_value": 0.0006664445184938354,
      "sr_duration_ci_low": 2.4799929520145603,
      "sr_duration_ci_high": 2.5194819648878535,
      "sr_duration_mean": 2.5000965424638957,
      "sr_duration_p_value": 0.0006664445184938354,
      "sr_ert_ci_low": 2.3157967678866673,
      "sr_ert_ci_high": 2.3259718457159746,
      "sr_ert_mean": 2.320962293063245,
      "sr_ert_p_value": 0.0006664445184938354
    }
  },
  "n_significant": 3,
  "amplified_features": [
    "length",
    "surprisal",
    "zipf"
  ],
  "reduced_features": [],
  "confidence_intervals": {
    "length": {
      "skip": {
        "mean": 0.7546940452233005,
        "ci_low": 0.75461575230385,
        "ci_high": 0.7547720646099211,
        "p_value": 0.0006664445184938354,
        "n_bootstrap": 3000
      },
      "duration": {
        "mean": 1.1556023775935347,
        "ci_low": 1.155385709341301,
        "ci_high": 1.1558408743564546,
        "p_value": 0.0006664445184938354,
        "n_bootstrap": 3000
      },
      "ert": {
        "mean": 1.0826777183802332,
        "ci_low": 1.0825038071983353,
        "ci_high": 1.0828631736538326,
        "p_value": 0.0006664445184938354,
        "n_bootstrap": 3000
      }
    },
    "zipf": {
      "amie_control": {
        "mean": -17.217500722684147,
        "ci_low": -17.495418241823156,
        "ci_high": -16.920534248028268,
        "n_bootstrap": 3000
      },
      "amie_dyslexic": {
        "mean": -25.663280593454694,
        "ci_low": -26.830032432641868,
        "ci_high": -24.52855066862742,
        "n_bootstrap": 3000
      },
      "skip": {
        "mean": 0.8013331048239513,
        "ci_low": 0.7858990426722223,
        "ci_high": 0.8344767805592299,
        "p_value": 0.0006664445184938354,
        "n_bootstrap": 3000
      },
      "duration": {
        "mean": 1.0771308113095872,
        "ci_low": 1.0014083681067154,
        "ci_high": 1.1575035068547062,
        "p_value": 0.04665111629456848,
        "n_bootstrap": 3000
      },
      "ert": {
        "mean": 1.335182671086873,
        "ci_low": 1.2893380895134905,
        "ci_high": 1.39472072601576,
        "p_value": 0.0006664445184938354,
        "n_bootstrap": 3000
      }
    },
    "surprisal": {
      "skip": {
        "mean": 1.043021909473524,
        "ci_low": 1.0261592461863918,
        "ci_high": 1.0611137662384842,
        "p_value": 0.0006664445184938354,
        "n_bootstrap": 3000
      },
      "duration": {
        "mean": 2.5000965424638957,
        "ci_low": 2.4799929520145603,
        "ci_high": 2.5194819648878535,
        "p_value": 0.0006664445184938354,
        "n_bootstrap": 3000
      },
      "ert": {
        "mean": 2.320962293063245,
        "ci_low": 2.3157967678866673,
        "ci_high": 2.3259718457159746,
        "p_value": 0.0006664445184938354,
        "n_bootstrap": 3000
      }
    }
  },
  "summary": "3/3 features show significant differential effects"
}