{
  "panel_a": {
    "observed_gap": {
      "mean": 97.27984892585587,
      "ci_low": 94.2521996521046,
      "ci_high": 100.51453565665847
    },
    "equal_ease_gap": {
      "mean": 66.61488713992561,
      "ci_low": 66.321716202495,
      "ci_high": 66.84973115087499
    }
  },
  "panel_b_shapley": {
    "skip": {
      "mean": 34.07195965459417,
      "ci_low": 33.88923974267189,
      "ci_high": 34.26017896990254
    },
    "duration": {
      "mean": 63.20788927126171,
      "ci_low": 62.5340104812381,
      "ci_high": 63.88549775797689
    },
    "g0_mean": 97.27984892585587
  },
  "panel_c_feature_contribs": {
    "length": {
      "mean": 9.977581378101103,
      "ci_low": 13.36775612523925,
      "ci_high": 6.493102100696245,
      "p_value": 0.0006664445184938354,
      "n_bootstrap": 3000
    },
    "zipf": {
      "mean": 7.014006887251752,
      "ci_low": 7.897662955306446,
      "ci_high": 6.147541964814963,
      "p_value": 0.0006664445184938354,
      "n_bootstrap": 3000
    },
    "surprisal": {
      "mean": 13.673373520577401,
      "ci_low": 14.464783760409626,
      "ci_high": 12.87926598720506,
      "p_value": 0.0006664445184938354,
      "n_bootstrap": 3000
    }
  }
}