{
  "bin_edges": [
    1.0,
    2.0,
    3.0,
    4.0,
    5.0,
    7.0,
    9.0,
    29.0
  ],
  "bin_labels": [
    "1-2",
    "2-3",
    "3-4",
    "4-5",
    "5-7",
    "7-9",
    "9-29"
  ],
  "bins": {
    "1-2": {
      "label": "1-2",
      "length_range": [
        1.0,
        2.0
      ],
      "n_total": 82353,
      "groups": {
        "control": {
          "n": 62122,
          "zipf_q1": 6.884006414610235,
          "zipf_q3": 7.489274569479275,
          "zipf_iqr": 0.60526815486904,
          "zipf_min": 3.2865063943147312,
          "zipf_max": 7.505137727825015,
          "length_mean": 1.8535301503493127,
          "observed_ert_by_zipf_quintile": [
            116.41367851622874,
            104.0833811122942,
            109.08441376213729,
            79.94328088986873,
            70.82750354146235
          ],
          "zipf_quintile_means": [
            6.285328443884353,
            7.073182403031743,
            7.334411795687197,
            7.489274569479277,
            7.505137727825014
          ],
          "zipf_quintile_se": [
            1.489288319050533,
            1.4680653541164108,
            1.202663115995019,
            1.451439359341362,
            1.4015802412060254
          ],
          "observed_effect": -45.586174974766394,
          "observed_effect_se": 2.045093364567863
        },
        "dyslexic": {
          "n": 20231,
          "zipf_q1": 6.884006414610235,
          "zipf_q3": 7.489274569479275,
          "zipf_iqr": 0.60526815486904,
          "zipf_min": 3.2865063943147312,
          "zipf_max": 7.505137727825015,
          "length_mean": 1.864564282536701,
          "observed_ert_by_zipf_quintile": [
            204.06317981948624,
            195.84605941566414,
            203.23968226558452,
            123.21483063777846,
            122.82845792704947
          ],
          "zipf_quintile_means": [
            6.309631085009786,
            7.065913383261149,
            7.334265876767001,
            7.489274569479277,
            7.505137727825014
          ],
          "zipf_quintile_se": [
            3.7814793952185592,
            3.7539631624645486,
            3.2526833865449527,
            3.6010169801071963,
            3.72889404923296
          ],
          "observed_effect": -81.23472189243677,
          "observed_effect_se": 5.310766163828671
        }
      }
    },
    "2-3": {
      "label": "2-3",
      "length_range": [
        2.0,
        3.0
      ],
      "n_total": 74876,
      "groups": {
        "control": {
          "n": 56865,
          "zipf_q1": 6.285141653319017,
          "zipf_q3": 7.107370534029261,
          "zipf_iqr": 0.8222288807102442,
          "zipf_min": 1.2073251482671064,
          "zipf_max": 7.489274569479275,
          "length_mean": 3.0,
          "observed_ert_by_zipf_quintile": [
            160.34376365702298,
            147.60714871290375,
            151.55258806019515,
            139.13865588681153,
            140.46845243392366
          ],
          "zipf_quintile_means": [
            5.444158437051016,
            6.5036246989790945,
            6.9170520334241585,
            7.099222665962594,
            7.238889981461323
          ],
          "zipf_quintile_se": [
            1.7732847107021035,
            1.69564682560024,
            1.7364974508102105,
            1.8393619288496525,
            1.7152079657365111
          ],
          "observed_effect": -19.875311223099317,
          "observed_effect_se": 2.467078643038325
        },
        "dyslexic": {
          "n": 18011,
          "zipf_q1": 6.34758879262323,
          "zipf_q3": 7.107370534029261,
          "zipf_iqr": 0.759781741406031,
          "zipf_min": 1.2073251482671064,
          "zipf_max": 7.489274569479275,
          "length_mean": 3.0,
          "observed_ert_by_zipf_quintile": [
            258.7956343792633,
            247.13111599780098,
            278.6069304370313,
            244.24764795144156,
            245.94980259447266
          ],
          "zipf_quintile_means": [
            5.4506618803040645,
            6.513712186508424,
            6.914558686904617,
            7.0993712248020895,
            7.239065350021118
          ],
          "zipf_quintile_se": [
            4.3554438901003465,
            4.33243189547116,
            4.435256709335016,
            4.56981633512171,
            4.6471792043719224
          ],
          "observed_effect": -12.845831784790619,
          "observed_effect_se": 6.3691574040338566
        }
      }
    },
    "3-4": {
      "label": "3-4",
      "length_range": [
        3.0,
        4.0
      ],
      "n_total": 39227,
      "groups": {
        "control": {
          "n": 29811,
          "zipf_q1": 5.351681375635173,
          "zipf_q3": 6.436477555548832,
          "zipf_iqr": 1.084796179913659,
          "zipf_min": 0.906295152603125,
          "zipf_max": 7.243121080431921,
          "length_mean": 4.0,
          "observed_ert_by_zipf_quintile": [
            198.09065013404825,
            188.25816072908037,
            184.74096191091027,
            187.55138440631902,
            171.0604366812227
          ],
          "zipf_quintile_means": [
            4.515361984018848,
            5.5156527765732175,
            5.9802578346424875,
            6.382211950816821,
            6.848473122438419
          ],
          "zipf_quintile_se": [
            2.7750625765213357,
            2.5960427710780904,
            2.6127912229145283,
            2.6822334750370826,
            2.6727813015697066
          ],
          "observed_effect": -27.030213452825535,
          "observed_effect_se": 3.8528862155051877
        },
        "dyslexic": {
          "n": 9416,
          "zipf_q1": 5.335150471900141,
          "zipf_q3": 6.529830776140797,
          "zipf_iqr": 1.1946803042406566,
          "zipf_min": 0.906295152603125,
          "zipf_max": 7.243121080431921,
          "length_mean": 4.0,
          "observed_ert_by_zipf_quintile": [
            280.2563559322034,
            277.4128151260504,
            290.51117021276593,
            313.0369003690037,
            274.46065989847716
          ],
          "zipf_quintile_means": [
            4.530378260530899,
            5.512757181691694,
            5.983153126836033,
            6.404261678942944,
            6.922005300341645
          ],
          "zipf_quintile_se": [
            6.396840326865477,
            5.940137163045024,
            6.43083963531458,
            5.859323281910894,
            7.046772315381494
          ],
          "observed_effect": -5.795696033726244,
          "observed_effect_se": 9.51717217624224
        }
      }
    },
    "4-5": {
      "label": "4-5",
      "length_range": [
        4.0,
        5.0
      ],
      "n_total": 36133,
      "groups": {
        "control": {
          "n": 27556,
          "zipf_q1": 4.919364220234428,
          "zipf_q3": 6.005689161450469,
          "zipf_iqr": 1.0863249412160414,
          "zipf_min": 1.4503631969534008,
          "zipf_max": 7.243121080431921,
          "length_mean": 5.0,
          "observed_ert_by_zipf_quintile": [
            234.3642300018139,
            220.29509962304792,
            212.7560403894699,
            208.36856567136837,
            206.1176147795866
          ],
          "zipf_quintile_means": [
            4.166313865960694,
            5.025213471866316,
            5.5204138735742205,
            5.9104774866536385,
            6.287896108921148
          ],
          "zipf_quintile_se": [
            3.0366349782280064,
            2.9120144036582105,
            2.8810068328592875,
            2.9515442922760826,
            2.9250679890156124
          ],
          "observed_effect": -28.24661522222729,
          "observed_effect_se": 4.216298700443511
        },
        "dyslexic": {
          "n": 8577,
          "zipf_q1": 4.919364220234428,
          "zipf_q3": 6.005689161450469,