{
  "status": "PARTIALLY CONFIRMED",
  "slope_ratios": {
    "length": {
      "slope_ratio": 1.2028854485800689,
      "bootstrap_mean_sr": 1.202872878480661,
      "ci_low": 1.202499365982743,
      "ci_high": 1.2034177661535048,
      "ci_width": 0.000918400170761835,
      "p_value": 0.0,
      "amplified": true,
      "ci_excludes_1": true,
      "significant": true,
      "status": "CONFIRMED",
      "component_srs": {
        "feature": "length",
        "control": {
          "p_skip_q1": 0.516398906939774,
          "p_skip_q3": 0.25104359936039483,
          "delta_p_skip": -0.26535530757937914,
          "trt_q1": 268.94954635973596,
          "trt_q3": 312.82829565953705,
          "delta_trt": 43.878749299801086
        },
        "dyslexic": {
          "p_skip_q1": 0.38840031554035054,
          "p_skip_q3": 0.18262167024070328,
          "delta_p_skip": -0.20577864529964726,
          "trt_q1": 354.3166694385978,
          "trt_q3": 418.505426545317,
          "delta_trt": 64.18875710671921
        },
        "sr_skip": 0.7754834345572306,
        "sr_duration": 1.4628666069798437,
        "interpretation": "Controls use this feature more for skipping; dyslexics show amplified duration costs"
      }
    },
    "zipf": {
      "slope_ratio": 0.4147148798478533,
      "bootstrap_mean_sr": 0.41325839638138434,
      "ci_low": 0.4064714285715204,
      "ci_high": 0.4231966312271747,
      "ci_width": 0.016725202655654303,
      "p_value": 1.0,
      "amplified": false,
      "ci_excludes_1": true,
      "significant": false,
      "status": "NOT CONFIRMED",
      "component_srs": {
        "feature": "zipf",
        "control": {
          "p_skip_q1": 0.30664718002358804,
          "p_skip_q3": 0.3604480947113158,
          "delta_p_skip": 0.05380091468772774,
          "trt_q1": 296.4038937948988,
          "trt_q3": 294.01390792448865,
          "delta_trt": -2.3899858704101575
        },
        "dyslexic": {
          "p_skip_q1": 0.2559082595188744,
          "p_skip_q3": 0.2583855851779721,
          "delta_p_skip": 0.0024773256590976955,
          "trt_q1": 394.62299013912826,
          "trt_q3": 405.7135042743285,
          "delta_trt": 11.090514135200237
        },
        "sr_skip": 0.04604616247654217,
        "sr_duration": 4.640409917275761,
        "interpretation": "Controls use this feature more for skipping; dyslexics show amplified duration costs"
      }
    },
    "surprisal": {
      "slope_ratio": 2.1928612436234993,
      "bootstrap_mean_sr": 2.192631643998875,
      "ci_low": 2.192141268178344,
      "ci_high": 2.193243251399152,
      "ci_width": 0.0011019832208081226,
      "p_value": 0.0,
      "amplified": true,
      "ci_excludes_1": true,
      "significant": true,
      "status": "CONFIRMED",
      "component_srs": {
        "feature": "surprisal",
        "control": {
          "p_skip_q1": 0.3308885239965231,
          "p_skip_q3": 0.3102523891523106,
          "delta_p_skip": -0.02063613484421245,
          "trt_q1": 288.8771736286841,
          "trt_q3": 303.05258136519234,
          "delta_trt": 14.175407736508248
        },
        "dyslexic": {
          "p_skip_q1": 0.24525276919696387,
          "p_skip_q3": 0.22239837127563525,
          "delta_p_skip": -0.022854397921328623,
          "trt_q1": 375.0874665165756,
          "trt_q3": 408.4471225152864,
          "delta_trt": 33.35965599871082
        },
        "sr_skip": 1.1074941162122858,
        "sr_duration": 2.3533471924616487,
        "interpretation": "Dyslexics show amplification in both skip and duration"
      }
    }
  },
  "n_amplified": 2,
  "summary": "2/3 features show significant dyslexic amplification (SR > 1.0 with p < 0.05)"
}