{
  "status": "CONFIRMED",
  "features": {
    "length": {
      "amie_control": {
        "feature": "length",
        "group": "control",
        "q1": 2.0,
        "q3": 6.0,
        "ert_q1": 129.86202299197416,
        "ert_q3": 229.15203417948356,
        "amie_ms": 99.2900111875094,
        "method": "standard",
        "p_value": 0.0,
        "ci_low": 99.25590215731758,
        "ci_high": 99.31375225215231
      },
      "amie_dyslexic": {
        "feature": "length",
        "group": "dyslexic",
        "q1": 2.0,
        "q3": 6.0,
        "ert_q1": 229.99573074370468,
        "ert_q3": 335.7690888388263,
        "amie_ms": 105.77335809512161,
        "method": "standard",
        "p_value": 0.0,
        "ci_low": 105.70922028489733,
        "ci_high": 105.82593744839143
      },
      "pathway_control": {
        "feature": "length",
        "group": "control",
        "p_skip_q1_grid": 0.5302851726641389,
        "p_skip_q3_grid": 0.2703093849148051,
        "delta_p_skip_grid": -0.2599757877493338,
        "cohens_h": 0.5379058907273968,
        "trt_q1_grid": 276.46992480209417,
        "trt_q3_grid": 314.03999097991544,
        "delta_trt_ms_grid": 37.570066177821275,
        "ert_q1_grid": 129.86202299197416,
        "ert_q3_grid": 229.15203417948356,
        "delta_ert_ms_grid": 99.2900111875094,
        "cohens_d_trt": 241.0666793093281,
        "cohens_d_ert": 272.0637332271674,
        "skip_mean": -0.2617950191832858,
        "skip_p_value": 0.0,
        "skip_ci_low": -0.26186329849930334,
        "skip_ci_high": -0.2617325133036943,
        "skip_cohens_d": -707.9111789185419,
        "skip_cohens_d_ci_low": -795.4445045381563,
        "skip_cohens_d_ci_high": -630.4453603020958,
        "duration_mean": 37.973026464109694,
        "duration_p_value": 0.0,
        "duration_ci_low": 37.94277894428318,
        "duration_ci_high": 37.99924960397395,
        "duration_cohens_d": 241.0666793093281,
        "duration_cohens_d_ci_low": 215.45327806643888,
        "duration_cohens_d_ci_high": 264.65712988386224,
        "ert_mean": 100.14028555183123,
        "ert_p_value": 0.0,
        "ert_ci_low": 100.06775434702529,
        "ert_ci_high": 100.20315645854338,
        "ert_cohens_d": 272.0637332271674,
        "ert_cohens_d_ci_low": 242.40365764615373,
        "ert_cohens_d_ci_high": 299.08670797209874
      },
      "pathway_dyslexic": {
        "feature": "length",
        "group": "dyslexic",
        "p_skip_q1_grid": 0.3805149971081117,
        "p_skip_q3_grid": 0.1841546347490956,
        "delta_p_skip_grid": -0.1963603623590161,
        "cohens_h": 0.4424272603279684,
        "trt_q1_grid": 371.26924731032307,
        "trt_q3_grid": 411.55971847136027,
        "delta_trt_ms_grid": 40.2904711610372,
        "ert_q1_grid": 229.99573074370468,
        "ert_q3_grid": 335.7690888388263,
        "delta_ert_ms_grid": 105.77335809512161,
        "cohens_d_trt": 149.7865647443581,
        "cohens_d_ert": 219.95759525284225,
        "skip_mean": -0.2065903424927958,
        "skip_p_value": 0.0,
        "skip_ci_low": -0.20700193881717896,
        "skip_ci_high": -0.20631382442212964,
        "skip_cohens_d": -239.84246061336174,
        "skip_cohens_d_ci_low": -305.93579722930764,
        "skip_cohens_d_ci_high": -192.6010773080484,
        "duration_mean": 40.35829633040248,
        "duration_p_value": 0.0,
        "duration_ci_low": 40.23910424192994,
        "duration_ci_high": 40.42935885253911,
        "duration_cohens_d": 149.7865647443581,
        "duration_cohens_d_ci_low": 118.0261043062992,
        "duration_cohens_d_ci_high": 191.84995637958167,
        "ert_mean": 108.52655172252148,
        "ert_p_value": 0.0,
        "ert_ci_low": 108.3228643745649,
        "ert_ci_high": 108.63963028463021,
        "ert_cohens_d": 219.95759525284225,
        "ert_cohens_d_ci_low": 170.72046081662882,
        "ert_cohens_d_ci_high": 305.56497446705504
      },
      "expected_direction": "+",
      "correct_direction": true,
      "status": "CONFIRMED",
      "note": ""
    },
    "zipf": {
      "amie_control": {
        "feature": "zipf",
        "group": "control",
        "amie_ms": -17.53393343788067,
        "method": "conditional_within_length_bins",
        "n_bins_used": 6,
        "bin_effects": [
          -21.135752788162833,
          -9.45586814005273,
          -7.035253144320961,
          -5.847123525993595,
          -18.159797250324317,
          -48.29603467310915
        ],
        "p_value": 0.0,
        "ci_low": -17.78185057538748,
        "ci_high": -17.17600217777842
      },
      "amie_dyslexic": {
        "feature": "zipf",
        "group": "dyslexic",
        "amie_ms": -28.247153345576244,
        "method": "conditional_within_length_bins",
        "n_bins_used": 6,
        "bin_effects": [
          -52.79922136501597,
          -11.28403317755135,
          -0.11233724695841829,
          -1.8080710680964671,
          -17.976643181332122,
          -79.9595038732383
        ],
        "p_value": 0.0,
        "ci_low": -29.326720716479638,
        "ci_high": -26.784385357262753
      },
      "pathway_control": {
        "feature": "zipf",
        "group": "control",
        "p_skip_q1_grid": 0.3180967722705561,
        "p_skip_q3_grid": 0.3637690376199741,
        "delta_p_skip_grid": 0.045672265349417984,
        "cohens_h": -0.09640029410011164,
        "trt_q1_grid": 302.79620238229995,
        "trt_q3_grid": 297.1407620806791,
        "delta_trt_ms_grid": -5.6554403016208425,
        "ert_q1_grid": 206.47770774870827,
        "ert_q3_grid": 189.0501530209248,
        "delta_ert_ms_grid": -17.427554727783473,
        "cohens_d_trt": -207.96686266534178,
        "cohens_d_ert": -276.8033073071132,
        "skip_mean": 0.03336467594241781,
        "skip_p_value": 0.0,
        "skip_ci_low": 0.03294044939553895,
        "skip_ci_high": 0.03360164602081946,
        "skip_cohens_d": 506.2799493687953,
        "skip_cohens_d_ci_low": 414.5518946153342,
        "skip_cohens_d_ci_high": 672.1379863663883,
        "duration_mean": -10.749119197096592,
        "duration_p_value": 0.0,
        "duration_ci_low": -11.016638926402576,
        "duration_ci_high": -10.553584565314885,
        "duration_cohens_d": -207.96686266534178,
        "duration_cohens_d_ci_low": -286.9534950132643,
        "duration_cohens_d_ci_high": -182.49678946379342,
        "ert_mean": -17.444171924078915,
        "ert_p_value": 0.0,
        "ert_ci_low": -17.72001780030618,
        "ert_ci_high": -17.199893226243205,
        "ert_cohens_d": -276.8033073071132,
        "ert_cohens_d_ci_low": -326.7000847662999,
        "ert_cohens_d_ci_high": -239.92974260686074
      },
      "pathway_dyslexic": {
        "feature": "zipf",
        "group": "dyslexic",
        "p_skip_q1_grid": 0.22792208511207124,
        "p_skip_q3_grid": 0.24797126657110863,
        "delta_p_skip_grid": 0.02004918145903739,
        "cohens_h": -0.047092298849685466,
        "trt_q1_grid": 404.52402056611106,
        "trt_q3_grid": 400.1020635650405,
        "delta_trt_ms_grid": -4.4219570010705525,
        "ert_q1_grid": 312.32406232076465,
        "ert_q3_grid": 300.8882481051032,
        "delta_ert_ms_grid": -11.43581421566148,
        "cohens_d_trt": -166.41764514889846,
        "cohens_d_ert": -188.23543798870975,
        "skip_mean": 0.041232774919719536,
        "skip_p_value": 0.0,
        "skip_ci_low": 0.041000335405668956,
        "skip_ci_high": 0.04227759308499509,
        "skip_cohens_d": 1736.7574874266832,
        "skip_cohens_d_ci_low": 1414.7541817503493,
        "skip_cohens_d_ci_high": 1974.563958641014,
        "duration_mean": -16.148087795986072,
        "duration_p_value": 0.0,
        "duration_ci_low": -17.050159243813166,
        "duration_ci_high": -14.816656440995544,
        "duration_cohens_d": -166.41764514889846,
        "duration_cohens_d_ci_low": -192.43781634679516,
        "duration_cohens_d_ci_high": -131.92819089565455,