{
  "status": "CONFIRMED",
  "canonical_gap_G0": 84.37803008673151,
  "canonical_gap_stats": {
    "mean": 84.37803008673151,
    "ci_low": 75.48377342426454,
    "ci_high": 96.78239276886188,
    "p_value": 0.0,
    "n_bootstrap": 100
  },
  "sample_size": 2000,
  "random_seed": 42,
  "shapley_decomposition": {
    "skip_contribution": 29.904399742484607,
    "skip_contribution_stats": {
      "mean": 29.904399742484607,
      "ci_low": 29.227571933152838,
      "ci_high": 30.740662191915586,
      "p_value": 0.0,
      "n_bootstrap": 100
    },
    "duration_contribution": 54.47363034424691,
    "duration_contribution_stats": {
      "mean": 54.47363034424691,
      "ci_low": 52.656420237897684,
      "ci_high": 56.35829668907546,
      "p_value": 0.0,
      "n_bootstrap": 100
    },
    "skip_pct": 35.44097878529057,
    "duration_pct": 64.55902121470943
  },
  "equal_ease_counterfactual": {
    "baseline_gap": 84.37803008673151,
    "counterfactual_gap": 58.48659548137921,
    "counterfactual_gap_stats": {
      "mean": 58.48659548137921,
      "ci_low": 46.91627868111149,
      "ci_high": 66.97744871301705,
      "p_value": 0.0
    },
    "gap_shrink_ms": 25.891434605352302,
    "gap_shrink_stats": {
      "mean": 25.891434605352302,
      "ci_low": 17.400581373714466,
      "ci_high": 37.46175140562002,
      "p_value": 0.0,
      "n_bootstrap": 100
    },
    "gap_shrink_pct": 30.685042751932816
  },
  "equal_ease_feature_contributions": {
    "feature_contributions_ms": {
      "length": 4.980398303187713,
      "zipf": 13.601873681813927,
      "surprisal": 7.309162620350662
    },
    "feature_contributions_stats": {
      "length": {
        "mean": 4.980398303187713,
        "ci_low": -2.306311616011584,
        "ci_high": 16.94300620035301,
        "p_value": 1.0,
        "n_samples": 64
      },
      "zipf": {
        "mean": 13.601873681813927,
        "ci_low": 2.091334080844206,
        "ci_high": 21.53266153286674,
        "p_value": 0.0,
        "n_samples": 64
      },
      "surprisal": {
        "mean": 7.309162620350662,
        "ci_low": 6.606320136600843,
        "ci_high": 7.781896942891137,
        "p_value": 0.0,
        "n_samples": 64
      }
    },
    "total_ms": 25.891434605352302,
    "n_permutations": 64
  },
  "per_feature_equalization": {
    "length": {
      "feature": "length",
      "baseline_gap": 84.37803008673151,
      "counterfactual_gap": 86.6255771508468,
      "gap_explained_ms": -2.247547064115281,
      "gap_explained_stats": {
        "mean": -2.247547064115281,
        "ci_low": -8.37659677467347,
        "ci_high": 5.347073084685931,
        "p_value": 0.58,
        "n_bootstrap": 100
      },
      "pct_of_G0": -2.66366382553023,
      "method": "clamp_both_groups"
    },
    "zipf": {
      "feature": "zipf",
      "baseline_gap": 84.37803008673151,
      "counterfactual_gap": 82.03592181833307,
      "gap_explained_ms": 2.342108268398448,
      "gap_explained_stats": {
        "mean": 2.342108268398448,
        "ci_low": -0.20142540472570755,
        "ci_high": 5.554376022116702,
        "p_value": 0.08,
        "n_bootstrap": 100
      },
      "pct_of_G0": 2.77573233931986,
      "method": "clamp_both_groups"
    },
    "surprisal": {
      "feature": "surprisal",
      "baseline_gap": 84.37803008673151,
      "counterfactual_gap": 76.59613314384038,
      "gap_explained_ms": 7.781896942891137,
      "gap_explained_stats": {
        "mean": 7.781896942891137,
        "ci_low": 6.045073422424073,
        "ci_high": 9.587884530866226,
        "p_value": 0.0,
        "n_bootstrap": 100
      },
      "pct_of_G0": 9.22265776398452,
      "method": "clamp_both_groups"
    }
  },
  "summary": "text difficulty (simplification reduces gap)"
}