{
  "skip_model": {
    "family": "binomial",
    "n_obs_control": 245104,
    "n_obs_dyslexic": 77672,
    "auc_control": 0.6955487182593089,
    "auc_dyslexic": 0.6829796934728881,
    "cv_auc_control": 0.7003002316580551,
    "cv_auc_dyslexic": 0.6822622142129035,
    "n_splines_control": 8,
    "n_splines_dyslexic": 8,
    "lambda_control": 1.0,
    "lambda_dyslexic": 1.0,
    "edf_control": 16.381351080232132,
    "edf_dyslexic": 15.395196733499077,
    "has_tensor_product": false,
    "method": "additive_smooths_only"
  },
  "duration_model": {
    "family": "Gaussian (log)",
    "n_obs_control": 146325,
    "n_obs_dyslexic": 54179,
    "r2_control": 0.08869392181056601,
    "r2_dyslexic": 0.06650086977151204,
    "cv_rmse_control": 0.5208700815367626,
    "cv_rmse_dyslexic": 0.5765612423446757,
    "n_splines_control": 8,
    "n_splines_dyslexic": 8,
    "lambda_control": 10.0,
    "lambda_dyslexic": 1.0,
    "edf_control": 15.803394696979288,
    "edf_dyslexic": 18.133299872047985,
    "has_tensor_product": false,
    "uses_smearing_factor": true,
    "method": "additive_smooths_only"
  }
}