{
  "skip_model": {
    "family": "binomial",
    "n_obs_control": 245104,
    "n_obs_dyslexic": 77672,
    "auc_control": 0.6956328010523614,
    "auc_dyslexic": 0.6830054102385191,
    "cv_auc_control": 0.7003956048970823,
    "cv_auc_dyslexic": 0.6823356738254155,
    "n_splines_control": 10,
    "n_splines_dyslexic": 10,
    "lambda_control": 1.0,
    "lambda_dyslexic": 1.0,
    "edf_control": 17.63978799752746,
    "edf_dyslexic": 14.50457136754734,
    "has_tensor_product": false,
    "method": "additive_smooths_only"
  },
  "duration_model": {
    "family": "Gaussian (log)",
    "n_obs_control": 146325,
    "n_obs_dyslexic": 54179,
    "r2_control": 0.08862046373572385,
    "r2_dyslexic": 0.06594266254786962,
    "cv_rmse_control": 0.5208797713794857,
    "cv_rmse_dyslexic": 0.5766803990231738,
    "n_splines_control": 10,
    "n_splines_dyslexic": 10,
    "lambda_control": 100.0,
    "lambda_dyslexic": 1.0,
    "edf_control": 13.801925434392702,
    "edf_dyslexic": 20.388845393090207,
    "has_tensor_product": false,
    "uses_smearing_factor": true,
    "method": "additive_smooths_only"
  }
}